triad,cell,seed,verdict,error_count,reason
b1_cg_v04,S-04_slice_swap_iq,42,FAIL,20,result_fail
b1_cg_v04,S-04_slice_swap_iq,1337,FAIL,20,result_fail
b1_cg_v04,S-04_slice_swap_iq,9001,FAIL,20,result_fail
b1_cg_v04,S-04_slice_swap_iq,271828,FAIL,20,result_fail
b1_cg_v04,S-04_slice_swap_iq,314159,FAIL,20,result_fail
b1_cg_v04,S-06_demod_valid_skew,42,FAIL,30,result_fail
b1_cg_v04,S-06_demod_valid_skew,1337,FAIL,30,result_fail
b1_cg_v04,S-06_demod_valid_skew,9001,FAIL,30,result_fail
b1_cg_v04,S-06_demod_valid_skew,271828,FAIL,30,result_fail
b1_cg_v04,S-06_demod_valid_skew,314159,FAIL,30,result_fail
b1_cg_v04,S-07_const_sym00_i,42,FAIL,10,result_fail
b1_cg_v04,S-07_const_sym00_i,1337,FAIL,10,result_fail
b1_cg_v04,S-07_const_sym00_i,9001,FAIL,10,result_fail
b1_cg_v04,S-07_const_sym00_i,271828,FAIL,10,result_fail
b1_cg_v04,S-07_const_sym00_i,314159,FAIL,10,result_fail
b1_cg_v04,S-08_demod_valid_dup,42,FAIL,55,result_fail
b1_cg_v04,S-08_demod_valid_dup,1337,FAIL,55,result_fail
b1_cg_v04,S-08_demod_valid_dup,9001,FAIL,55,result_fail
b1_cg_v04,S-08_demod_valid_dup,271828,FAIL,55,result_fail
b1_cg_v04,S-08_demod_valid_dup,314159,FAIL,55,result_fail
b1_cg_v04,S-10_ch_drop_valid,42,FAIL,31,result_fail
b1_cg_v04,S-10_ch_drop_valid,1337,FAIL,31,result_fail
b1_cg_v04,S-10_ch_drop_valid,9001,FAIL,31,result_fail
b1_cg_v04,S-10_ch_drop_valid,271828,FAIL,31,result_fail
b1_cg_v04,S-10_ch_drop_valid,314159,FAIL,31,result_fail
b1_cg_v04,S-12_ch_q_zero,42,FAIL,20,result_fail
b1_cg_v04,S-12_ch_q_zero,1337,FAIL,20,result_fail
b1_cg_v04,S-12_ch_q_zero,9001,FAIL,20,result_fail
b1_cg_v04,S-12_ch_q_zero,271828,FAIL,20,result_fail
b1_cg_v04,S-12_ch_q_zero,314159,FAIL,20,result_fail
b1_cg_v05,S-04_slice_swap_iq,42,FAIL,20,result_fail
b1_cg_v05,S-04_slice_swap_iq,1337,FAIL,20,result_fail
b1_cg_v05,S-04_slice_swap_iq,9001,FAIL,20,result_fail
b1_cg_v05,S-04_slice_swap_iq,271828,FAIL,20,result_fail
b1_cg_v05,S-04_slice_swap_iq,314159,FAIL,20,result_fail
b1_cg_v05,S-06_demod_valid_skew,42,FAIL,30,result_fail
b1_cg_v05,S-06_demod_valid_skew,1337,FAIL,30,result_fail
b1_cg_v05,S-06_demod_valid_skew,9001,FAIL,30,result_fail
b1_cg_v05,S-06_demod_valid_skew,271828,FAIL,30,result_fail
b1_cg_v05,S-06_demod_valid_skew,314159,FAIL,30,result_fail
b1_cg_v05,S-07_const_sym00_i,42,FAIL,10,result_fail
b1_cg_v05,S-07_const_sym00_i,1337,FAIL,10,result_fail
b1_cg_v05,S-07_const_sym00_i,9001,FAIL,10,result_fail
b1_cg_v05,S-07_const_sym00_i,271828,FAIL,10,result_fail
b1_cg_v05,S-07_const_sym00_i,314159,FAIL,10,result_fail
b1_cg_v05,S-08_demod_valid_dup,42,FAIL,41,result_fail
b1_cg_v05,S-08_demod_valid_dup,1337,FAIL,41,result_fail
b1_cg_v05,S-08_demod_valid_dup,9001,FAIL,41,result_fail
b1_cg_v05,S-08_demod_valid_dup,271828,FAIL,41,result_fail
b1_cg_v05,S-08_demod_valid_dup,314159,FAIL,41,result_fail
b1_cg_v05,S-10_ch_drop_valid,42,FAIL,33,result_fail
b1_cg_v05,S-10_ch_drop_valid,1337,FAIL,33,result_fail
b1_cg_v05,S-10_ch_drop_valid,9001,FAIL,33,result_fail
b1_cg_v05,S-10_ch_drop_valid,271828,FAIL,33,result_fail
b1_cg_v05,S-10_ch_drop_valid,314159,FAIL,33,result_fail
b1_cg_v05,S-12_ch_q_zero,42,FAIL,20,result_fail
b1_cg_v05,S-12_ch_q_zero,1337,FAIL,20,result_fail
b1_cg_v05,S-12_ch_q_zero,9001,FAIL,20,result_fail
b1_cg_v05,S-12_ch_q_zero,271828,FAIL,20,result_fail
b1_cg_v05,S-12_ch_q_zero,314159,FAIL,20,result_fail
b1_gm_v03,S-04_slice_swap_iq,42,FAIL,20,result_fail
b1_gm_v03,S-04_slice_swap_iq,1337,FAIL,20,result_fail
b1_gm_v03,S-04_slice_swap_iq,9001,FAIL,20,result_fail
b1_gm_v03,S-04_slice_swap_iq,271828,FAIL,20,result_fail
b1_gm_v03,S-04_slice_swap_iq,314159,FAIL,20,result_fail
b1_gm_v03,S-06_demod_valid_skew,42,FAIL,30,result_fail
b1_gm_v03,S-06_demod_valid_skew,1337,FAIL,30,result_fail
b1_gm_v03,S-06_demod_valid_skew,9001,FAIL,30,result_fail
b1_gm_v03,S-06_demod_valid_skew,271828,FAIL,30,result_fail
b1_gm_v03,S-06_demod_valid_skew,314159,FAIL,30,result_fail
b1_gm_v03,S-07_const_sym00_i,42,FAIL,10,result_fail
b1_gm_v03,S-07_const_sym00_i,1337,FAIL,10,result_fail
b1_gm_v03,S-07_const_sym00_i,9001,FAIL,10,result_fail
b1_gm_v03,S-07_const_sym00_i,271828,FAIL,10,result_fail
b1_gm_v03,S-07_const_sym00_i,314159,FAIL,10,result_fail
b1_gm_v03,S-08_demod_valid_dup,42,FAIL,41,result_fail
b1_gm_v03,S-08_demod_valid_dup,1337,FAIL,41,result_fail
b1_gm_v03,S-08_demod_valid_dup,9001,FAIL,41,result_fail
b1_gm_v03,S-08_demod_valid_dup,271828,FAIL,41,result_fail
b1_gm_v03,S-08_demod_valid_dup,314159,FAIL,41,result_fail
b1_gm_v03,S-10_ch_drop_valid,42,FAIL,31,result_fail
b1_gm_v03,S-10_ch_drop_valid,1337,FAIL,31,result_fail
b1_gm_v03,S-10_ch_drop_valid,9001,FAIL,31,result_fail
b1_gm_v03,S-10_ch_drop_valid,271828,FAIL,31,result_fail
b1_gm_v03,S-10_ch_drop_valid,314159,FAIL,31,result_fail
b1_gm_v03,S-12_ch_q_zero,42,FAIL,20,result_fail
b1_gm_v03,S-12_ch_q_zero,1337,FAIL,20,result_fail
b1_gm_v03,S-12_ch_q_zero,9001,FAIL,20,result_fail
b1_gm_v03,S-12_ch_q_zero,271828,FAIL,20,result_fail
b1_gm_v03,S-12_ch_q_zero,314159,FAIL,20,result_fail
b1_cg_drv01,S-04_slice_swap_iq,42,FAIL,20,result_fail
b1_cg_drv01,S-04_slice_swap_iq,1337,FAIL,20,result_fail
b1_cg_drv01,S-04_slice_swap_iq,9001,FAIL,20,result_fail
b1_cg_drv01,S-04_slice_swap_iq,271828,FAIL,20,result_fail
b1_cg_drv01,S-04_slice_swap_iq,314159,FAIL,20,result_fail
b1_cg_drv01,S-06_demod_valid_skew,42,FAIL,30,result_fail
b1_cg_drv01,S-06_demod_valid_skew,1337,FAIL,30,result_fail
b1_cg_drv01,S-06_demod_valid_skew,9001,FAIL,30,result_fail
b1_cg_drv01,S-06_demod_valid_skew,271828,FAIL,30,result_fail
b1_cg_drv01,S-06_demod_valid_skew,314159,FAIL,30,result_fail
b1_cg_drv01,S-07_const_sym00_i,42,FAIL,10,result_fail
b1_cg_drv01,S-07_const_sym00_i,1337,FAIL,10,result_fail
b1_cg_drv01,S-07_const_sym00_i,9001,FAIL,10,result_fail
b1_cg_drv01,S-07_const_sym00_i,271828,FAIL,10,result_fail
b1_cg_drv01,S-07_const_sym00_i,314159,FAIL,10,result_fail
b1_cg_drv01,S-08_demod_valid_dup,42,FAIL,55,result_fail
b1_cg_drv01,S-08_demod_valid_dup,1337,FAIL,55,result_fail
b1_cg_drv01,S-08_demod_valid_dup,9001,FAIL,55,result_fail
b1_cg_drv01,S-08_demod_valid_dup,271828,FAIL,55,result_fail
b1_cg_drv01,S-08_demod_valid_dup,314159,FAIL,55,result_fail
b1_cg_drv01,S-10_ch_drop_valid,42,FAIL,31,result_fail
b1_cg_drv01,S-10_ch_drop_valid,1337,FAIL,31,result_fail
b1_cg_drv01,S-10_ch_drop_valid,9001,FAIL,31,result_fail
b1_cg_drv01,S-10_ch_drop_valid,271828,FAIL,31,result_fail
b1_cg_drv01,S-10_ch_drop_valid,314159,FAIL,31,result_fail
b1_cg_drv01,S-12_ch_q_zero,42,FAIL,20,result_fail
b1_cg_drv01,S-12_ch_q_zero,1337,FAIL,20,result_fail
b1_cg_drv01,S-12_ch_q_zero,9001,FAIL,20,result_fail
b1_cg_drv01,S-12_ch_q_zero,271828,FAIL,20,result_fail
b1_cg_drv01,S-12_ch_q_zero,314159,FAIL,20,result_fail
b1_cg_drv02,S-04_slice_swap_iq,42,FAIL,20,result_fail
b1_cg_drv02,S-04_slice_swap_iq,1337,FAIL,20,result_fail
b1_cg_drv02,S-04_slice_swap_iq,9001,FAIL,20,result_fail
b1_cg_drv02,S-04_slice_swap_iq,271828,FAIL,20,result_fail
b1_cg_drv02,S-04_slice_swap_iq,314159,FAIL,20,result_fail
b1_cg_drv02,S-06_demod_valid_skew,42,FAIL,30,result_fail
b1_cg_drv02,S-06_demod_valid_skew,1337,FAIL,30,result_fail
b1_cg_drv02,S-06_demod_valid_skew,9001,FAIL,30,result_fail
b1_cg_drv02,S-06_demod_valid_skew,271828,FAIL,30,result_fail
b1_cg_drv02,S-06_demod_valid_skew,314159,FAIL,30,result_fail
b1_cg_drv02,S-07_const_sym00_i,42,FAIL,10,result_fail
b1_cg_drv02,S-07_const_sym00_i,1337,FAIL,10,result_fail
b1_cg_drv02,S-07_const_sym00_i,9001,FAIL,10,result_fail
b1_cg_drv02,S-07_const_sym00_i,271828,FAIL,10,result_fail
b1_cg_drv02,S-07_const_sym00_i,314159,FAIL,10,result_fail
b1_cg_drv02,S-08_demod_valid_dup,42,FAIL,55,result_fail
b1_cg_drv02,S-08_demod_valid_dup,1337,FAIL,55,result_fail
b1_cg_drv02,S-08_demod_valid_dup,9001,FAIL,55,result_fail
b1_cg_drv02,S-08_demod_valid_dup,271828,FAIL,55,result_fail
b1_cg_drv02,S-08_demod_valid_dup,314159,FAIL,55,result_fail
b1_cg_drv02,S-10_ch_drop_valid,42,FAIL,31,result_fail
b1_cg_drv02,S-10_ch_drop_valid,1337,FAIL,31,result_fail
b1_cg_drv02,S-10_ch_drop_valid,9001,FAIL,31,result_fail
b1_cg_drv02,S-10_ch_drop_valid,271828,FAIL,31,result_fail
b1_cg_drv02,S-10_ch_drop_valid,314159,FAIL,31,result_fail
b1_cg_drv02,S-12_ch_q_zero,42,FAIL,20,result_fail
b1_cg_drv02,S-12_ch_q_zero,1337,FAIL,20,result_fail
b1_cg_drv02,S-12_ch_q_zero,9001,FAIL,20,result_fail
b1_cg_drv02,S-12_ch_q_zero,271828,FAIL,20,result_fail
b1_cg_drv02,S-12_ch_q_zero,314159,FAIL,20,result_fail
b1_cg_drv03,S-04_slice_swap_iq,42,FAIL,20,result_fail
b1_cg_drv03,S-04_slice_swap_iq,1337,FAIL,20,result_fail
b1_cg_drv03,S-04_slice_swap_iq,9001,FAIL,20,result_fail
b1_cg_drv03,S-04_slice_swap_iq,271828,FAIL,20,result_fail
b1_cg_drv03,S-04_slice_swap_iq,314159,FAIL,20,result_fail
b1_cg_drv03,S-06_demod_valid_skew,42,FAIL,30,result_fail
b1_cg_drv03,S-06_demod_valid_skew,1337,FAIL,30,result_fail
b1_cg_drv03,S-06_demod_valid_skew,9001,FAIL,30,result_fail
b1_cg_drv03,S-06_demod_valid_skew,271828,FAIL,30,result_fail
b1_cg_drv03,S-06_demod_valid_skew,314159,FAIL,30,result_fail
b1_cg_drv03,S-07_const_sym00_i,42,FAIL,10,result_fail
b1_cg_drv03,S-07_const_sym00_i,1337,FAIL,10,result_fail
b1_cg_drv03,S-07_const_sym00_i,9001,FAIL,10,result_fail
b1_cg_drv03,S-07_const_sym00_i,271828,FAIL,10,result_fail
b1_cg_drv03,S-07_const_sym00_i,314159,FAIL,10,result_fail
b1_cg_drv03,S-08_demod_valid_dup,42,FAIL,55,result_fail
b1_cg_drv03,S-08_demod_valid_dup,1337,FAIL,55,result_fail
b1_cg_drv03,S-08_demod_valid_dup,9001,FAIL,55,result_fail
b1_cg_drv03,S-08_demod_valid_dup,271828,FAIL,55,result_fail
b1_cg_drv03,S-08_demod_valid_dup,314159,FAIL,55,result_fail
b1_cg_drv03,S-10_ch_drop_valid,42,FAIL,31,result_fail
b1_cg_drv03,S-10_ch_drop_valid,1337,FAIL,31,result_fail
b1_cg_drv03,S-10_ch_drop_valid,9001,FAIL,31,result_fail
b1_cg_drv03,S-10_ch_drop_valid,271828,FAIL,31,result_fail
b1_cg_drv03,S-10_ch_drop_valid,314159,FAIL,31,result_fail
b1_cg_drv03,S-12_ch_q_zero,42,FAIL,20,result_fail
b1_cg_drv03,S-12_ch_q_zero,1337,FAIL,20,result_fail
b1_cg_drv03,S-12_ch_q_zero,9001,FAIL,20,result_fail
b1_cg_drv03,S-12_ch_q_zero,271828,FAIL,20,result_fail
b1_cg_drv03,S-12_ch_q_zero,314159,FAIL,20,result_fail
b1_cg_drv05,S-04_slice_swap_iq,42,FAIL,20,result_fail
b1_cg_drv05,S-04_slice_swap_iq,1337,FAIL,20,result_fail
b1_cg_drv05,S-04_slice_swap_iq,9001,FAIL,20,result_fail
b1_cg_drv05,S-04_slice_swap_iq,271828,FAIL,20,result_fail
b1_cg_drv05,S-04_slice_swap_iq,314159,FAIL,20,result_fail
b1_cg_drv05,S-06_demod_valid_skew,42,FAIL,30,result_fail
b1_cg_drv05,S-06_demod_valid_skew,1337,FAIL,30,result_fail
b1_cg_drv05,S-06_demod_valid_skew,9001,FAIL,30,result_fail
b1_cg_drv05,S-06_demod_valid_skew,271828,FAIL,30,result_fail
b1_cg_drv05,S-06_demod_valid_skew,314159,FAIL,30,result_fail
b1_cg_drv05,S-07_const_sym00_i,42,FAIL,10,result_fail
b1_cg_drv05,S-07_const_sym00_i,1337,FAIL,10,result_fail
b1_cg_drv05,S-07_const_sym00_i,9001,FAIL,10,result_fail
b1_cg_drv05,S-07_const_sym00_i,271828,FAIL,10,result_fail
b1_cg_drv05,S-07_const_sym00_i,314159,FAIL,10,result_fail
b1_cg_drv05,S-08_demod_valid_dup,42,FAIL,55,result_fail
b1_cg_drv05,S-08_demod_valid_dup,1337,FAIL,55,result_fail
b1_cg_drv05,S-08_demod_valid_dup,9001,FAIL,55,result_fail
b1_cg_drv05,S-08_demod_valid_dup,271828,FAIL,55,result_fail
b1_cg_drv05,S-08_demod_valid_dup,314159,FAIL,55,result_fail
b1_cg_drv05,S-10_ch_drop_valid,42,FAIL,31,result_fail
b1_cg_drv05,S-10_ch_drop_valid,1337,FAIL,31,result_fail
b1_cg_drv05,S-10_ch_drop_valid,9001,FAIL,31,result_fail
b1_cg_drv05,S-10_ch_drop_valid,271828,FAIL,31,result_fail
b1_cg_drv05,S-10_ch_drop_valid,314159,FAIL,31,result_fail
b1_cg_drv05,S-12_ch_q_zero,42,FAIL,20,result_fail
b1_cg_drv05,S-12_ch_q_zero,1337,FAIL,20,result_fail
b1_cg_drv05,S-12_ch_q_zero,9001,FAIL,20,result_fail
b1_cg_drv05,S-12_ch_q_zero,271828,FAIL,20,result_fail
b1_cg_drv05,S-12_ch_q_zero,314159,FAIL,20,result_fail
b1_cg_sb01,S-04_slice_swap_iq,42,FAIL,20,result_fail
b1_cg_sb01,S-04_slice_swap_iq,1337,FAIL,20,result_fail
b1_cg_sb01,S-04_slice_swap_iq,9001,FAIL,20,result_fail
b1_cg_sb01,S-04_slice_swap_iq,271828,FAIL,20,result_fail
b1_cg_sb01,S-04_slice_swap_iq,314159,FAIL,20,result_fail
b1_cg_sb01,S-06_demod_valid_skew,42,FAIL,30,result_fail
b1_cg_sb01,S-06_demod_valid_skew,1337,FAIL,30,result_fail
b1_cg_sb01,S-06_demod_valid_skew,9001,FAIL,30,result_fail
b1_cg_sb01,S-06_demod_valid_skew,271828,FAIL,30,result_fail
b1_cg_sb01,S-06_demod_valid_skew,314159,FAIL,30,result_fail
b1_cg_sb01,S-07_const_sym00_i,42,FAIL,10,result_fail
b1_cg_sb01,S-07_const_sym00_i,1337,FAIL,10,result_fail
b1_cg_sb01,S-07_const_sym00_i,9001,FAIL,10,result_fail
b1_cg_sb01,S-07_const_sym00_i,271828,FAIL,10,result_fail
b1_cg_sb01,S-07_const_sym00_i,314159,FAIL,10,result_fail
b1_cg_sb01,S-08_demod_valid_dup,42,FAIL,41,result_fail
b1_cg_sb01,S-08_demod_valid_dup,1337,FAIL,41,result_fail
b1_cg_sb01,S-08_demod_valid_dup,9001,FAIL,41,result_fail
b1_cg_sb01,S-08_demod_valid_dup,271828,FAIL,41,result_fail
b1_cg_sb01,S-08_demod_valid_dup,314159,FAIL,41,result_fail
b1_cg_sb01,S-10_ch_drop_valid,42,FAIL,31,result_fail
b1_cg_sb01,S-10_ch_drop_valid,1337,FAIL,31,result_fail
b1_cg_sb01,S-10_ch_drop_valid,9001,FAIL,31,result_fail
b1_cg_sb01,S-10_ch_drop_valid,271828,FAIL,31,result_fail
b1_cg_sb01,S-10_ch_drop_valid,314159,FAIL,31,result_fail
b1_cg_sb01,S-12_ch_q_zero,42,FAIL,20,result_fail
b1_cg_sb01,S-12_ch_q_zero,1337,FAIL,20,result_fail
b1_cg_sb01,S-12_ch_q_zero,9001,FAIL,20,result_fail
b1_cg_sb01,S-12_ch_q_zero,271828,FAIL,20,result_fail
b1_cg_sb01,S-12_ch_q_zero,314159,FAIL,20,result_fail
b1_cg_sb02,S-04_slice_swap_iq,42,FAIL,20,result_fail
b1_cg_sb02,S-04_slice_swap_iq,1337,FAIL,20,result_fail
b1_cg_sb02,S-04_slice_swap_iq,9001,FAIL,20,result_fail
b1_cg_sb02,S-04_slice_swap_iq,271828,FAIL,20,result_fail
b1_cg_sb02,S-04_slice_swap_iq,314159,FAIL,20,result_fail
b1_cg_sb02,S-06_demod_valid_skew,42,FAIL,30,result_fail
b1_cg_sb02,S-06_demod_valid_skew,1337,FAIL,30,result_fail
b1_cg_sb02,S-06_demod_valid_skew,9001,FAIL,30,result_fail
b1_cg_sb02,S-06_demod_valid_skew,271828,FAIL,30,result_fail
b1_cg_sb02,S-06_demod_valid_skew,314159,FAIL,30,result_fail
b1_cg_sb02,S-07_const_sym00_i,42,FAIL,10,result_fail
b1_cg_sb02,S-07_const_sym00_i,1337,FAIL,10,result_fail
b1_cg_sb02,S-07_const_sym00_i,9001,FAIL,10,result_fail
b1_cg_sb02,S-07_const_sym00_i,271828,FAIL,10,result_fail
b1_cg_sb02,S-07_const_sym00_i,314159,FAIL,10,result_fail
b1_cg_sb02,S-08_demod_valid_dup,42,FAIL,41,result_fail
b1_cg_sb02,S-08_demod_valid_dup,1337,FAIL,41,result_fail
b1_cg_sb02,S-08_demod_valid_dup,9001,FAIL,41,result_fail
b1_cg_sb02,S-08_demod_valid_dup,271828,FAIL,41,result_fail
b1_cg_sb02,S-08_demod_valid_dup,314159,FAIL,41,result_fail
b1_cg_sb02,S-10_ch_drop_valid,42,FAIL,31,result_fail
b1_cg_sb02,S-10_ch_drop_valid,1337,FAIL,31,result_fail
b1_cg_sb02,S-10_ch_drop_valid,9001,FAIL,31,result_fail
b1_cg_sb02,S-10_ch_drop_valid,271828,FAIL,31,result_fail
b1_cg_sb02,S-10_ch_drop_valid,314159,FAIL,31,result_fail
b1_cg_sb02,S-12_ch_q_zero,42,FAIL,20,result_fail
b1_cg_sb02,S-12_ch_q_zero,1337,FAIL,20,result_fail
b1_cg_sb02,S-12_ch_q_zero,9001,FAIL,20,result_fail
b1_cg_sb02,S-12_ch_q_zero,271828,FAIL,20,result_fail
b1_cg_sb02,S-12_ch_q_zero,314159,FAIL,20,result_fail
b1_cg_sb03,S-04_slice_swap_iq,42,FAIL,20,result_fail
b1_cg_sb03,S-04_slice_swap_iq,1337,FAIL,20,result_fail
b1_cg_sb03,S-04_slice_swap_iq,9001,FAIL,20,result_fail
b1_cg_sb03,S-04_slice_swap_iq,271828,FAIL,20,result_fail
b1_cg_sb03,S-04_slice_swap_iq,314159,FAIL,20,result_fail
b1_cg_sb03,S-06_demod_valid_skew,42,FAIL,30,result_fail
b1_cg_sb03,S-06_demod_valid_skew,1337,FAIL,30,result_fail
b1_cg_sb03,S-06_demod_valid_skew,9001,FAIL,30,result_fail
b1_cg_sb03,S-06_demod_valid_skew,271828,FAIL,30,result_fail
b1_cg_sb03,S-06_demod_valid_skew,314159,FAIL,30,result_fail
b1_cg_sb03,S-07_const_sym00_i,42,FAIL,10,result_fail
b1_cg_sb03,S-07_const_sym00_i,1337,FAIL,10,result_fail
b1_cg_sb03,S-07_const_sym00_i,9001,FAIL,10,result_fail
b1_cg_sb03,S-07_const_sym00_i,271828,FAIL,10,result_fail
b1_cg_sb03,S-07_const_sym00_i,314159,FAIL,10,result_fail
b1_cg_sb03,S-08_demod_valid_dup,42,FAIL,41,result_fail
b1_cg_sb03,S-08_demod_valid_dup,1337,FAIL,41,result_fail
b1_cg_sb03,S-08_demod_valid_dup,9001,FAIL,41,result_fail
b1_cg_sb03,S-08_demod_valid_dup,271828,FAIL,41,result_fail
b1_cg_sb03,S-08_demod_valid_dup,314159,FAIL,41,result_fail
b1_cg_sb03,S-10_ch_drop_valid,42,FAIL,31,result_fail
b1_cg_sb03,S-10_ch_drop_valid,1337,FAIL,31,result_fail
b1_cg_sb03,S-10_ch_drop_valid,9001,FAIL,31,result_fail
b1_cg_sb03,S-10_ch_drop_valid,271828,FAIL,31,result_fail
b1_cg_sb03,S-10_ch_drop_valid,314159,FAIL,31,result_fail
b1_cg_sb03,S-12_ch_q_zero,42,FAIL,20,result_fail
b1_cg_sb03,S-12_ch_q_zero,1337,FAIL,20,result_fail
b1_cg_sb03,S-12_ch_q_zero,9001,FAIL,20,result_fail
b1_cg_sb03,S-12_ch_q_zero,271828,FAIL,20,result_fail
b1_cg_sb03,S-12_ch_q_zero,314159,FAIL,20,result_fail
b1_cg_sb05,S-04_slice_swap_iq,42,FAIL,20,result_fail
b1_cg_sb05,S-04_slice_swap_iq,1337,FAIL,20,result_fail
b1_cg_sb05,S-04_slice_swap_iq,9001,FAIL,20,result_fail
b1_cg_sb05,S-04_slice_swap_iq,271828,FAIL,20,result_fail
b1_cg_sb05,S-04_slice_swap_iq,314159,FAIL,20,result_fail
b1_cg_sb05,S-06_demod_valid_skew,42,FAIL,30,result_fail
b1_cg_sb05,S-06_demod_valid_skew,1337,FAIL,30,result_fail
b1_cg_sb05,S-06_demod_valid_skew,9001,FAIL,30,result_fail
b1_cg_sb05,S-06_demod_valid_skew,271828,FAIL,30,result_fail
b1_cg_sb05,S-06_demod_valid_skew,314159,FAIL,30,result_fail
b1_cg_sb05,S-07_const_sym00_i,42,FAIL,10,result_fail
b1_cg_sb05,S-07_const_sym00_i,1337,FAIL,10,result_fail
b1_cg_sb05,S-07_const_sym00_i,9001,FAIL,10,result_fail
b1_cg_sb05,S-07_const_sym00_i,271828,FAIL,10,result_fail
b1_cg_sb05,S-07_const_sym00_i,314159,FAIL,10,result_fail
b1_cg_sb05,S-08_demod_valid_dup,42,FAIL,41,result_fail
b1_cg_sb05,S-08_demod_valid_dup,1337,FAIL,41,result_fail
b1_cg_sb05,S-08_demod_valid_dup,9001,FAIL,41,result_fail
b1_cg_sb05,S-08_demod_valid_dup,271828,FAIL,41,result_fail
b1_cg_sb05,S-08_demod_valid_dup,314159,FAIL,41,result_fail
b1_cg_sb05,S-10_ch_drop_valid,42,FAIL,31,result_fail
b1_cg_sb05,S-10_ch_drop_valid,1337,FAIL,31,result_fail
b1_cg_sb05,S-10_ch_drop_valid,9001,FAIL,31,result_fail
b1_cg_sb05,S-10_ch_drop_valid,271828,FAIL,31,result_fail
b1_cg_sb05,S-10_ch_drop_valid,314159,FAIL,31,result_fail
b1_cg_sb05,S-12_ch_q_zero,42,FAIL,20,result_fail
b1_cg_sb05,S-12_ch_q_zero,1337,FAIL,20,result_fail
b1_cg_sb05,S-12_ch_q_zero,9001,FAIL,20,result_fail
b1_cg_sb05,S-12_ch_q_zero,271828,FAIL,20,result_fail
b1_cg_sb05,S-12_ch_q_zero,314159,FAIL,20,result_fail
b1_cg_seq05,S-04_slice_swap_iq,42,FAIL,20,result_fail
b1_cg_seq05,S-04_slice_swap_iq,1337,FAIL,20,result_fail
b1_cg_seq05,S-04_slice_swap_iq,9001,FAIL,20,result_fail
b1_cg_seq05,S-04_slice_swap_iq,271828,FAIL,20,result_fail
b1_cg_seq05,S-04_slice_swap_iq,314159,FAIL,20,result_fail
b1_cg_seq05,S-06_demod_valid_skew,42,FAIL,30,result_fail
b1_cg_seq05,S-06_demod_valid_skew,1337,FAIL,30,result_fail
b1_cg_seq05,S-06_demod_valid_skew,9001,FAIL,30,result_fail
b1_cg_seq05,S-06_demod_valid_skew,271828,FAIL,30,result_fail
b1_cg_seq05,S-06_demod_valid_skew,314159,FAIL,30,result_fail
b1_cg_seq05,S-07_const_sym00_i,42,FAIL,10,result_fail
b1_cg_seq05,S-07_const_sym00_i,1337,FAIL,10,result_fail
b1_cg_seq05,S-07_const_sym00_i,9001,FAIL,10,result_fail
b1_cg_seq05,S-07_const_sym00_i,271828,FAIL,10,result_fail
b1_cg_seq05,S-07_const_sym00_i,314159,FAIL,10,result_fail
b1_cg_seq05,S-08_demod_valid_dup,42,FAIL,55,result_fail
b1_cg_seq05,S-08_demod_valid_dup,1337,FAIL,55,result_fail
b1_cg_seq05,S-08_demod_valid_dup,9001,FAIL,55,result_fail
b1_cg_seq05,S-08_demod_valid_dup,271828,FAIL,55,result_fail
b1_cg_seq05,S-08_demod_valid_dup,314159,FAIL,55,result_fail
b1_cg_seq05,S-10_ch_drop_valid,42,FAIL,33,result_fail
b1_cg_seq05,S-10_ch_drop_valid,1337,FAIL,33,result_fail
b1_cg_seq05,S-10_ch_drop_valid,9001,FAIL,33,result_fail
b1_cg_seq05,S-10_ch_drop_valid,271828,FAIL,33,result_fail
b1_cg_seq05,S-10_ch_drop_valid,314159,FAIL,33,result_fail
b1_cg_seq05,S-12_ch_q_zero,42,FAIL,20,result_fail
b1_cg_seq05,S-12_ch_q_zero,1337,FAIL,20,result_fail
b1_cg_seq05,S-12_ch_q_zero,9001,FAIL,20,result_fail
b1_cg_seq05,S-12_ch_q_zero,271828,FAIL,20,result_fail
b1_cg_seq05,S-12_ch_q_zero,314159,FAIL,20,result_fail
b1_gm_drv01,S-04_slice_swap_iq,42,FAIL,20,result_fail
b1_gm_drv01,S-04_slice_swap_iq,1337,FAIL,20,result_fail
b1_gm_drv01,S-04_slice_swap_iq,9001,FAIL,20,result_fail
b1_gm_drv01,S-04_slice_swap_iq,271828,FAIL,20,result_fail
b1_gm_drv01,S-04_slice_swap_iq,314159,FAIL,20,result_fail
b1_gm_drv01,S-06_demod_valid_skew,42,FAIL,30,result_fail
b1_gm_drv01,S-06_demod_valid_skew,1337,FAIL,30,result_fail
b1_gm_drv01,S-06_demod_valid_skew,9001,FAIL,30,result_fail
b1_gm_drv01,S-06_demod_valid_skew,271828,FAIL,30,result_fail
b1_gm_drv01,S-06_demod_valid_skew,314159,FAIL,30,result_fail
b1_gm_drv01,S-07_const_sym00_i,42,FAIL,10,result_fail
b1_gm_drv01,S-07_const_sym00_i,1337,FAIL,10,result_fail
b1_gm_drv01,S-07_const_sym00_i,9001,FAIL,10,result_fail
b1_gm_drv01,S-07_const_sym00_i,271828,FAIL,10,result_fail
b1_gm_drv01,S-07_const_sym00_i,314159,FAIL,10,result_fail
b1_gm_drv01,S-08_demod_valid_dup,42,FAIL,41,result_fail
b1_gm_drv01,S-08_demod_valid_dup,1337,FAIL,41,result_fail
b1_gm_drv01,S-08_demod_valid_dup,9001,FAIL,41,result_fail
b1_gm_drv01,S-08_demod_valid_dup,271828,FAIL,41,result_fail
b1_gm_drv01,S-08_demod_valid_dup,314159,FAIL,41,result_fail
b1_gm_drv01,S-10_ch_drop_valid,42,FAIL,31,result_fail
b1_gm_drv01,S-10_ch_drop_valid,1337,FAIL,31,result_fail
b1_gm_drv01,S-10_ch_drop_valid,9001,FAIL,31,result_fail
b1_gm_drv01,S-10_ch_drop_valid,271828,FAIL,31,result_fail
b1_gm_drv01,S-10_ch_drop_valid,314159,FAIL,31,result_fail
b1_gm_drv01,S-12_ch_q_zero,42,FAIL,20,result_fail
b1_gm_drv01,S-12_ch_q_zero,1337,FAIL,20,result_fail
b1_gm_drv01,S-12_ch_q_zero,9001,FAIL,20,result_fail
b1_gm_drv01,S-12_ch_q_zero,271828,FAIL,20,result_fail
b1_gm_drv01,S-12_ch_q_zero,314159,FAIL,20,result_fail
b1_gm_drv02,S-04_slice_swap_iq,42,FAIL,20,result_fail
b1_gm_drv02,S-04_slice_swap_iq,1337,FAIL,20,result_fail
b1_gm_drv02,S-04_slice_swap_iq,9001,FAIL,20,result_fail
b1_gm_drv02,S-04_slice_swap_iq,271828,FAIL,20,result_fail
b1_gm_drv02,S-04_slice_swap_iq,314159,FAIL,20,result_fail
b1_gm_drv02,S-06_demod_valid_skew,42,FAIL,30,result_fail
b1_gm_drv02,S-06_demod_valid_skew,1337,FAIL,30,result_fail
b1_gm_drv02,S-06_demod_valid_skew,9001,FAIL,30,result_fail
b1_gm_drv02,S-06_demod_valid_skew,271828,FAIL,30,result_fail
b1_gm_drv02,S-06_demod_valid_skew,314159,FAIL,30,result_fail
b1_gm_drv02,S-07_const_sym00_i,42,FAIL,10,result_fail
b1_gm_drv02,S-07_const_sym00_i,1337,FAIL,10,result_fail
b1_gm_drv02,S-07_const_sym00_i,9001,FAIL,10,result_fail
b1_gm_drv02,S-07_const_sym00_i,271828,FAIL,10,result_fail
b1_gm_drv02,S-07_const_sym00_i,314159,FAIL,10,result_fail
b1_gm_drv02,S-08_demod_valid_dup,42,FAIL,41,result_fail
b1_gm_drv02,S-08_demod_valid_dup,1337,FAIL,41,result_fail
b1_gm_drv02,S-08_demod_valid_dup,9001,FAIL,41,result_fail
b1_gm_drv02,S-08_demod_valid_dup,271828,FAIL,41,result_fail
b1_gm_drv02,S-08_demod_valid_dup,314159,FAIL,41,result_fail
b1_gm_drv02,S-10_ch_drop_valid,42,FAIL,31,result_fail
b1_gm_drv02,S-10_ch_drop_valid,1337,FAIL,31,result_fail
b1_gm_drv02,S-10_ch_drop_valid,9001,FAIL,31,result_fail
b1_gm_drv02,S-10_ch_drop_valid,271828,FAIL,31,result_fail
b1_gm_drv02,S-10_ch_drop_valid,314159,FAIL,31,result_fail
b1_gm_drv02,S-12_ch_q_zero,42,FAIL,20,result_fail
b1_gm_drv02,S-12_ch_q_zero,1337,FAIL,20,result_fail
b1_gm_drv02,S-12_ch_q_zero,9001,FAIL,20,result_fail
b1_gm_drv02,S-12_ch_q_zero,271828,FAIL,20,result_fail
b1_gm_drv02,S-12_ch_q_zero,314159,FAIL,20,result_fail
b1_gm_drv04,S-04_slice_swap_iq,42,FAIL,20,result_fail
b1_gm_drv04,S-04_slice_swap_iq,1337,FAIL,20,result_fail
b1_gm_drv04,S-04_slice_swap_iq,9001,FAIL,20,result_fail
b1_gm_drv04,S-04_slice_swap_iq,271828,FAIL,20,result_fail
b1_gm_drv04,S-04_slice_swap_iq,314159,FAIL,20,result_fail
b1_gm_drv04,S-06_demod_valid_skew,42,FAIL,30,result_fail
b1_gm_drv04,S-06_demod_valid_skew,1337,FAIL,30,result_fail
b1_gm_drv04,S-06_demod_valid_skew,9001,FAIL,30,result_fail
b1_gm_drv04,S-06_demod_valid_skew,271828,FAIL,30,result_fail
b1_gm_drv04,S-06_demod_valid_skew,314159,FAIL,30,result_fail
b1_gm_drv04,S-07_const_sym00_i,42,FAIL,10,result_fail
b1_gm_drv04,S-07_const_sym00_i,1337,FAIL,10,result_fail
b1_gm_drv04,S-07_const_sym00_i,9001,FAIL,10,result_fail
b1_gm_drv04,S-07_const_sym00_i,271828,FAIL,10,result_fail
b1_gm_drv04,S-07_const_sym00_i,314159,FAIL,10,result_fail
b1_gm_drv04,S-08_demod_valid_dup,42,FAIL,41,result_fail
b1_gm_drv04,S-08_demod_valid_dup,1337,FAIL,41,result_fail
b1_gm_drv04,S-08_demod_valid_dup,9001,FAIL,41,result_fail
b1_gm_drv04,S-08_demod_valid_dup,271828,FAIL,41,result_fail
b1_gm_drv04,S-08_demod_valid_dup,314159,FAIL,41,result_fail
b1_gm_drv04,S-10_ch_drop_valid,42,FAIL,31,result_fail
b1_gm_drv04,S-10_ch_drop_valid,1337,FAIL,31,result_fail
b1_gm_drv04,S-10_ch_drop_valid,9001,FAIL,31,result_fail
b1_gm_drv04,S-10_ch_drop_valid,271828,FAIL,31,result_fail
b1_gm_drv04,S-10_ch_drop_valid,314159,FAIL,31,result_fail
b1_gm_drv04,S-12_ch_q_zero,42,FAIL,20,result_fail
b1_gm_drv04,S-12_ch_q_zero,1337,FAIL,20,result_fail
b1_gm_drv04,S-12_ch_q_zero,9001,FAIL,20,result_fail
b1_gm_drv04,S-12_ch_q_zero,271828,FAIL,20,result_fail
b1_gm_drv04,S-12_ch_q_zero,314159,FAIL,20,result_fail
b1_gm_drv05,S-04_slice_swap_iq,42,FAIL,20,result_fail
b1_gm_drv05,S-04_slice_swap_iq,1337,FAIL,20,result_fail
b1_gm_drv05,S-04_slice_swap_iq,9001,FAIL,20,result_fail
b1_gm_drv05,S-04_slice_swap_iq,271828,FAIL,20,result_fail
b1_gm_drv05,S-04_slice_swap_iq,314159,FAIL,20,result_fail
b1_gm_drv05,S-06_demod_valid_skew,42,FAIL,30,result_fail
b1_gm_drv05,S-06_demod_valid_skew,1337,FAIL,30,result_fail
b1_gm_drv05,S-06_demod_valid_skew,9001,FAIL,30,result_fail
b1_gm_drv05,S-06_demod_valid_skew,271828,FAIL,30,result_fail
b1_gm_drv05,S-06_demod_valid_skew,314159,FAIL,30,result_fail
b1_gm_drv05,S-07_const_sym00_i,42,FAIL,10,result_fail
b1_gm_drv05,S-07_const_sym00_i,1337,FAIL,10,result_fail
b1_gm_drv05,S-07_const_sym00_i,9001,FAIL,10,result_fail
b1_gm_drv05,S-07_const_sym00_i,271828,FAIL,10,result_fail
b1_gm_drv05,S-07_const_sym00_i,314159,FAIL,10,result_fail
b1_gm_drv05,S-08_demod_valid_dup,42,FAIL,41,result_fail
b1_gm_drv05,S-08_demod_valid_dup,1337,FAIL,41,result_fail
b1_gm_drv05,S-08_demod_valid_dup,9001,FAIL,41,result_fail
b1_gm_drv05,S-08_demod_valid_dup,271828,FAIL,41,result_fail
b1_gm_drv05,S-08_demod_valid_dup,314159,FAIL,41,result_fail
b1_gm_drv05,S-10_ch_drop_valid,42,FAIL,31,result_fail
b1_gm_drv05,S-10_ch_drop_valid,1337,FAIL,31,result_fail
b1_gm_drv05,S-10_ch_drop_valid,9001,FAIL,31,result_fail
b1_gm_drv05,S-10_ch_drop_valid,271828,FAIL,31,result_fail
b1_gm_drv05,S-10_ch_drop_valid,314159,FAIL,31,result_fail
b1_gm_drv05,S-12_ch_q_zero,42,FAIL,20,result_fail
b1_gm_drv05,S-12_ch_q_zero,1337,FAIL,20,result_fail
b1_gm_drv05,S-12_ch_q_zero,9001,FAIL,20,result_fail
b1_gm_drv05,S-12_ch_q_zero,271828,FAIL,20,result_fail
b1_gm_drv05,S-12_ch_q_zero,314159,FAIL,20,result_fail
b1_gm_sb01,S-04_slice_swap_iq,42,FAIL,20,result_fail
b1_gm_sb01,S-04_slice_swap_iq,1337,FAIL,20,result_fail
b1_gm_sb01,S-04_slice_swap_iq,9001,FAIL,20,result_fail
b1_gm_sb01,S-04_slice_swap_iq,271828,FAIL,20,result_fail
b1_gm_sb01,S-04_slice_swap_iq,314159,FAIL,20,result_fail
b1_gm_sb01,S-06_demod_valid_skew,42,FAIL,30,result_fail
b1_gm_sb01,S-06_demod_valid_skew,1337,FAIL,30,result_fail
b1_gm_sb01,S-06_demod_valid_skew,9001,FAIL,30,result_fail
b1_gm_sb01,S-06_demod_valid_skew,271828,FAIL,30,result_fail
b1_gm_sb01,S-06_demod_valid_skew,314159,FAIL,30,result_fail
b1_gm_sb01,S-07_const_sym00_i,42,FAIL,10,result_fail
b1_gm_sb01,S-07_const_sym00_i,1337,FAIL,10,result_fail
b1_gm_sb01,S-07_const_sym00_i,9001,FAIL,10,result_fail
b1_gm_sb01,S-07_const_sym00_i,271828,FAIL,10,result_fail
b1_gm_sb01,S-07_const_sym00_i,314159,FAIL,10,result_fail
b1_gm_sb01,S-08_demod_valid_dup,42,FAIL,41,result_fail
b1_gm_sb01,S-08_demod_valid_dup,1337,FAIL,41,result_fail
b1_gm_sb01,S-08_demod_valid_dup,9001,FAIL,41,result_fail
b1_gm_sb01,S-08_demod_valid_dup,271828,FAIL,41,result_fail
b1_gm_sb01,S-08_demod_valid_dup,314159,FAIL,41,result_fail
b1_gm_sb01,S-10_ch_drop_valid,42,FAIL,31,result_fail
b1_gm_sb01,S-10_ch_drop_valid,1337,FAIL,31,result_fail
b1_gm_sb01,S-10_ch_drop_valid,9001,FAIL,31,result_fail
b1_gm_sb01,S-10_ch_drop_valid,271828,FAIL,31,result_fail
b1_gm_sb01,S-10_ch_drop_valid,314159,FAIL,31,result_fail
b1_gm_sb01,S-12_ch_q_zero,42,FAIL,20,result_fail
b1_gm_sb01,S-12_ch_q_zero,1337,FAIL,20,result_fail
b1_gm_sb01,S-12_ch_q_zero,9001,FAIL,20,result_fail
b1_gm_sb01,S-12_ch_q_zero,271828,FAIL,20,result_fail
b1_gm_sb01,S-12_ch_q_zero,314159,FAIL,20,result_fail
b1_gm_sb02,S-04_slice_swap_iq,42,FAIL,20,result_fail
b1_gm_sb02,S-04_slice_swap_iq,1337,FAIL,20,result_fail
b1_gm_sb02,S-04_slice_swap_iq,9001,FAIL,20,result_fail
b1_gm_sb02,S-04_slice_swap_iq,271828,FAIL,20,result_fail
b1_gm_sb02,S-04_slice_swap_iq,314159,FAIL,20,result_fail
b1_gm_sb02,S-06_demod_valid_skew,42,FAIL,30,result_fail
b1_gm_sb02,S-06_demod_valid_skew,1337,FAIL,30,result_fail
b1_gm_sb02,S-06_demod_valid_skew,9001,FAIL,30,result_fail
b1_gm_sb02,S-06_demod_valid_skew,271828,FAIL,30,result_fail
b1_gm_sb02,S-06_demod_valid_skew,314159,FAIL,30,result_fail
b1_gm_sb02,S-07_const_sym00_i,42,FAIL,10,result_fail
b1_gm_sb02,S-07_const_sym00_i,1337,FAIL,10,result_fail
b1_gm_sb02,S-07_const_sym00_i,9001,FAIL,10,result_fail
b1_gm_sb02,S-07_const_sym00_i,271828,FAIL,10,result_fail
b1_gm_sb02,S-07_const_sym00_i,314159,FAIL,10,result_fail
b1_gm_sb02,S-08_demod_valid_dup,42,FAIL,41,result_fail
b1_gm_sb02,S-08_demod_valid_dup,1337,FAIL,41,result_fail
b1_gm_sb02,S-08_demod_valid_dup,9001,FAIL,41,result_fail
b1_gm_sb02,S-08_demod_valid_dup,271828,FAIL,41,result_fail
b1_gm_sb02,S-08_demod_valid_dup,314159,FAIL,41,result_fail
b1_gm_sb02,S-10_ch_drop_valid,42,FAIL,31,result_fail
b1_gm_sb02,S-10_ch_drop_valid,1337,FAIL,31,result_fail
b1_gm_sb02,S-10_ch_drop_valid,9001,FAIL,31,result_fail
b1_gm_sb02,S-10_ch_drop_valid,271828,FAIL,31,result_fail
b1_gm_sb02,S-10_ch_drop_valid,314159,FAIL,31,result_fail
b1_gm_sb02,S-12_ch_q_zero,42,FAIL,20,result_fail
b1_gm_sb02,S-12_ch_q_zero,1337,FAIL,20,result_fail
b1_gm_sb02,S-12_ch_q_zero,9001,FAIL,20,result_fail
b1_gm_sb02,S-12_ch_q_zero,271828,FAIL,20,result_fail
b1_gm_sb02,S-12_ch_q_zero,314159,FAIL,20,result_fail
b1_gm_sb05,S-04_slice_swap_iq,42,FAIL,20,result_fail
b1_gm_sb05,S-04_slice_swap_iq,1337,FAIL,20,result_fail
b1_gm_sb05,S-04_slice_swap_iq,9001,FAIL,20,result_fail
b1_gm_sb05,S-04_slice_swap_iq,271828,FAIL,20,result_fail
b1_gm_sb05,S-04_slice_swap_iq,314159,FAIL,20,result_fail
b1_gm_sb05,S-06_demod_valid_skew,42,FAIL,30,result_fail
b1_gm_sb05,S-06_demod_valid_skew,1337,FAIL,30,result_fail
b1_gm_sb05,S-06_demod_valid_skew,9001,FAIL,30,result_fail
b1_gm_sb05,S-06_demod_valid_skew,271828,FAIL,30,result_fail
b1_gm_sb05,S-06_demod_valid_skew,314159,FAIL,30,result_fail
b1_gm_sb05,S-07_const_sym00_i,42,FAIL,10,result_fail
b1_gm_sb05,S-07_const_sym00_i,1337,FAIL,10,result_fail
b1_gm_sb05,S-07_const_sym00_i,9001,FAIL,10,result_fail
b1_gm_sb05,S-07_const_sym00_i,271828,FAIL,10,result_fail
b1_gm_sb05,S-07_const_sym00_i,314159,FAIL,10,result_fail
b1_gm_sb05,S-08_demod_valid_dup,42,FAIL,41,result_fail
b1_gm_sb05,S-08_demod_valid_dup,1337,FAIL,41,result_fail
b1_gm_sb05,S-08_demod_valid_dup,9001,FAIL,41,result_fail
b1_gm_sb05,S-08_demod_valid_dup,271828,FAIL,41,result_fail
b1_gm_sb05,S-08_demod_valid_dup,314159,FAIL,41,result_fail
b1_gm_sb05,S-10_ch_drop_valid,42,FAIL,31,result_fail
b1_gm_sb05,S-10_ch_drop_valid,1337,FAIL,31,result_fail
b1_gm_sb05,S-10_ch_drop_valid,9001,FAIL,31,result_fail
b1_gm_sb05,S-10_ch_drop_valid,271828,FAIL,31,result_fail
b1_gm_sb05,S-10_ch_drop_valid,314159,FAIL,31,result_fail
b1_gm_sb05,S-12_ch_q_zero,42,FAIL,20,result_fail
b1_gm_sb05,S-12_ch_q_zero,1337,FAIL,20,result_fail
b1_gm_sb05,S-12_ch_q_zero,9001,FAIL,20,result_fail
b1_gm_sb05,S-12_ch_q_zero,271828,FAIL,20,result_fail
b1_gm_sb05,S-12_ch_q_zero,314159,FAIL,20,result_fail
b1_gm_seq04,S-04_slice_swap_iq,42,FAIL,20,result_fail
b1_gm_seq04,S-04_slice_swap_iq,1337,FAIL,20,result_fail
b1_gm_seq04,S-04_slice_swap_iq,9001,FAIL,20,result_fail
b1_gm_seq04,S-04_slice_swap_iq,271828,FAIL,20,result_fail
b1_gm_seq04,S-04_slice_swap_iq,314159,FAIL,20,result_fail
b1_gm_seq04,S-06_demod_valid_skew,42,FAIL,30,result_fail
b1_gm_seq04,S-06_demod_valid_skew,1337,FAIL,30,result_fail
b1_gm_seq04,S-06_demod_valid_skew,9001,FAIL,30,result_fail
b1_gm_seq04,S-06_demod_valid_skew,271828,FAIL,30,result_fail
b1_gm_seq04,S-06_demod_valid_skew,314159,FAIL,30,result_fail
b1_gm_seq04,S-07_const_sym00_i,42,FAIL,10,result_fail
b1_gm_seq04,S-07_const_sym00_i,1337,FAIL,10,result_fail
b1_gm_seq04,S-07_const_sym00_i,9001,FAIL,10,result_fail
b1_gm_seq04,S-07_const_sym00_i,271828,FAIL,10,result_fail
b1_gm_seq04,S-07_const_sym00_i,314159,FAIL,10,result_fail
b1_gm_seq04,S-08_demod_valid_dup,42,FAIL,41,result_fail
b1_gm_seq04,S-08_demod_valid_dup,1337,FAIL,41,result_fail
b1_gm_seq04,S-08_demod_valid_dup,9001,FAIL,41,result_fail
b1_gm_seq04,S-08_demod_valid_dup,271828,FAIL,41,result_fail
b1_gm_seq04,S-08_demod_valid_dup,314159,FAIL,41,result_fail
b1_gm_seq04,S-10_ch_drop_valid,42,FAIL,31,result_fail
b1_gm_seq04,S-10_ch_drop_valid,1337,FAIL,31,result_fail
b1_gm_seq04,S-10_ch_drop_valid,9001,FAIL,31,result_fail
b1_gm_seq04,S-10_ch_drop_valid,271828,FAIL,31,result_fail
b1_gm_seq04,S-10_ch_drop_valid,314159,FAIL,31,result_fail
b1_gm_seq04,S-12_ch_q_zero,42,FAIL,20,result_fail
b1_gm_seq04,S-12_ch_q_zero,1337,FAIL,20,result_fail
b1_gm_seq04,S-12_ch_q_zero,9001,FAIL,20,result_fail
b1_gm_seq04,S-12_ch_q_zero,271828,FAIL,20,result_fail
b1_gm_seq04,S-12_ch_q_zero,314159,FAIL,20,result_fail
s6_X1,S-04_slice_swap_iq,42,FAIL,20,result_fail
s6_X1,S-04_slice_swap_iq,1337,FAIL,20,result_fail
s6_X1,S-04_slice_swap_iq,9001,FAIL,20,result_fail
s6_X1,S-04_slice_swap_iq,271828,FAIL,20,result_fail
s6_X1,S-04_slice_swap_iq,314159,FAIL,20,result_fail
s6_X1,S-06_demod_valid_skew,42,FAIL,30,result_fail
s6_X1,S-06_demod_valid_skew,1337,FAIL,30,result_fail
s6_X1,S-06_demod_valid_skew,9001,FAIL,30,result_fail
s6_X1,S-06_demod_valid_skew,271828,FAIL,30,result_fail
s6_X1,S-06_demod_valid_skew,314159,FAIL,30,result_fail
s6_X1,S-07_const_sym00_i,42,FAIL,10,result_fail
s6_X1,S-07_const_sym00_i,1337,FAIL,10,result_fail
s6_X1,S-07_const_sym00_i,9001,FAIL,10,result_fail
s6_X1,S-07_const_sym00_i,271828,FAIL,10,result_fail
s6_X1,S-07_const_sym00_i,314159,FAIL,10,result_fail
s6_X1,S-08_demod_valid_dup,42,FAIL,55,result_fail
s6_X1,S-08_demod_valid_dup,1337,FAIL,55,result_fail
s6_X1,S-08_demod_valid_dup,9001,FAIL,55,result_fail
s6_X1,S-08_demod_valid_dup,271828,FAIL,55,result_fail
s6_X1,S-08_demod_valid_dup,314159,FAIL,55,result_fail
s6_X1,S-10_ch_drop_valid,42,FAIL,31,result_fail
s6_X1,S-10_ch_drop_valid,1337,FAIL,31,result_fail
s6_X1,S-10_ch_drop_valid,9001,FAIL,31,result_fail
s6_X1,S-10_ch_drop_valid,271828,FAIL,31,result_fail
s6_X1,S-10_ch_drop_valid,314159,FAIL,31,result_fail
s6_X1,S-12_ch_q_zero,42,FAIL,20,result_fail
s6_X1,S-12_ch_q_zero,1337,FAIL,20,result_fail
s6_X1,S-12_ch_q_zero,9001,FAIL,20,result_fail
s6_X1,S-12_ch_q_zero,271828,FAIL,20,result_fail
s6_X1,S-12_ch_q_zero,314159,FAIL,20,result_fail
s6_X2,S-04_slice_swap_iq,42,FAIL,20,result_fail
s6_X2,S-04_slice_swap_iq,1337,FAIL,20,result_fail
s6_X2,S-04_slice_swap_iq,9001,FAIL,20,result_fail
s6_X2,S-04_slice_swap_iq,271828,FAIL,20,result_fail
s6_X2,S-04_slice_swap_iq,314159,FAIL,20,result_fail
s6_X2,S-06_demod_valid_skew,42,FAIL,30,result_fail
s6_X2,S-06_demod_valid_skew,1337,FAIL,30,result_fail
s6_X2,S-06_demod_valid_skew,9001,FAIL,30,result_fail
s6_X2,S-06_demod_valid_skew,271828,FAIL,30,result_fail
s6_X2,S-06_demod_valid_skew,314159,FAIL,30,result_fail
s6_X2,S-07_const_sym00_i,42,FAIL,10,result_fail
s6_X2,S-07_const_sym00_i,1337,FAIL,10,result_fail
s6_X2,S-07_const_sym00_i,9001,FAIL,10,result_fail
s6_X2,S-07_const_sym00_i,271828,FAIL,10,result_fail
s6_X2,S-07_const_sym00_i,314159,FAIL,10,result_fail
s6_X2,S-08_demod_valid_dup,42,FAIL,54,result_fail
s6_X2,S-08_demod_valid_dup,1337,FAIL,54,result_fail
s6_X2,S-08_demod_valid_dup,9001,FAIL,54,result_fail
s6_X2,S-08_demod_valid_dup,271828,FAIL,54,result_fail
s6_X2,S-08_demod_valid_dup,314159,FAIL,54,result_fail
s6_X2,S-10_ch_drop_valid,42,FAIL,31,result_fail
s6_X2,S-10_ch_drop_valid,1337,FAIL,31,result_fail
s6_X2,S-10_ch_drop_valid,9001,FAIL,31,result_fail
s6_X2,S-10_ch_drop_valid,271828,FAIL,31,result_fail
s6_X2,S-10_ch_drop_valid,314159,FAIL,31,result_fail
s6_X2,S-12_ch_q_zero,42,FAIL,20,result_fail
s6_X2,S-12_ch_q_zero,1337,FAIL,20,result_fail
s6_X2,S-12_ch_q_zero,9001,FAIL,20,result_fail
s6_X2,S-12_ch_q_zero,271828,FAIL,20,result_fail
s6_X2,S-12_ch_q_zero,314159,FAIL,20,result_fail
s6_X3,S-04_slice_swap_iq,42,FAIL,20,result_fail
s6_X3,S-04_slice_swap_iq,1337,FAIL,20,result_fail
s6_X3,S-04_slice_swap_iq,9001,FAIL,20,result_fail
s6_X3,S-04_slice_swap_iq,271828,FAIL,20,result_fail
s6_X3,S-04_slice_swap_iq,314159,FAIL,20,result_fail
s6_X3,S-06_demod_valid_skew,42,FAIL,30,result_fail
s6_X3,S-06_demod_valid_skew,1337,FAIL,30,result_fail
s6_X3,S-06_demod_valid_skew,9001,FAIL,30,result_fail
s6_X3,S-06_demod_valid_skew,271828,FAIL,30,result_fail
s6_X3,S-06_demod_valid_skew,314159,FAIL,30,result_fail
s6_X3,S-07_const_sym00_i,42,FAIL,10,result_fail
s6_X3,S-07_const_sym00_i,1337,FAIL,10,result_fail
s6_X3,S-07_const_sym00_i,9001,FAIL,10,result_fail
s6_X3,S-07_const_sym00_i,271828,FAIL,10,result_fail
s6_X3,S-07_const_sym00_i,314159,FAIL,10,result_fail
s6_X3,S-08_demod_valid_dup,42,FAIL,41,result_fail
s6_X3,S-08_demod_valid_dup,1337,FAIL,41,result_fail
s6_X3,S-08_demod_valid_dup,9001,FAIL,41,result_fail
s6_X3,S-08_demod_valid_dup,271828,FAIL,41,result_fail
s6_X3,S-08_demod_valid_dup,314159,FAIL,41,result_fail
s6_X3,S-10_ch_drop_valid,42,FAIL,31,result_fail
s6_X3,S-10_ch_drop_valid,1337,FAIL,31,result_fail
s6_X3,S-10_ch_drop_valid,9001,FAIL,31,result_fail
s6_X3,S-10_ch_drop_valid,271828,FAIL,31,result_fail
s6_X3,S-10_ch_drop_valid,314159,FAIL,31,result_fail
s6_X3,S-12_ch_q_zero,42,FAIL,20,result_fail
s6_X3,S-12_ch_q_zero,1337,FAIL,20,result_fail
s6_X3,S-12_ch_q_zero,9001,FAIL,20,result_fail
s6_X3,S-12_ch_q_zero,271828,FAIL,20,result_fail
s6_X3,S-12_ch_q_zero,314159,FAIL,20,result_fail
s6_X4,S-04_slice_swap_iq,42,FAIL,20,result_fail
s6_X4,S-04_slice_swap_iq,1337,FAIL,20,result_fail
s6_X4,S-04_slice_swap_iq,9001,FAIL,20,result_fail
s6_X4,S-04_slice_swap_iq,271828,FAIL,20,result_fail
s6_X4,S-04_slice_swap_iq,314159,FAIL,20,result_fail
s6_X4,S-06_demod_valid_skew,42,FAIL,30,result_fail
s6_X4,S-06_demod_valid_skew,1337,FAIL,30,result_fail
s6_X4,S-06_demod_valid_skew,9001,FAIL,30,result_fail
s6_X4,S-06_demod_valid_skew,271828,FAIL,30,result_fail
s6_X4,S-06_demod_valid_skew,314159,FAIL,30,result_fail
s6_X4,S-07_const_sym00_i,42,FAIL,10,result_fail
s6_X4,S-07_const_sym00_i,1337,FAIL,10,result_fail
s6_X4,S-07_const_sym00_i,9001,FAIL,10,result_fail
s6_X4,S-07_const_sym00_i,271828,FAIL,10,result_fail
s6_X4,S-07_const_sym00_i,314159,FAIL,10,result_fail
s6_X4,S-08_demod_valid_dup,42,FAIL,41,result_fail
s6_X4,S-08_demod_valid_dup,1337,FAIL,41,result_fail
s6_X4,S-08_demod_valid_dup,9001,FAIL,41,result_fail
s6_X4,S-08_demod_valid_dup,271828,FAIL,41,result_fail
s6_X4,S-08_demod_valid_dup,314159,FAIL,41,result_fail
s6_X4,S-10_ch_drop_valid,42,FAIL,31,result_fail
s6_X4,S-10_ch_drop_valid,1337,FAIL,31,result_fail
s6_X4,S-10_ch_drop_valid,9001,FAIL,31,result_fail
s6_X4,S-10_ch_drop_valid,271828,FAIL,31,result_fail
s6_X4,S-10_ch_drop_valid,314159,FAIL,31,result_fail
s6_X4,S-12_ch_q_zero,42,FAIL,20,result_fail
s6_X4,S-12_ch_q_zero,1337,FAIL,20,result_fail
s6_X4,S-12_ch_q_zero,9001,FAIL,20,result_fail
s6_X4,S-12_ch_q_zero,271828,FAIL,20,result_fail
s6_X4,S-12_ch_q_zero,314159,FAIL,20,result_fail
s6_X5,S-04_slice_swap_iq,42,FAIL,20,result_fail
s6_X5,S-04_slice_swap_iq,1337,FAIL,20,result_fail
s6_X5,S-04_slice_swap_iq,9001,FAIL,20,result_fail
s6_X5,S-04_slice_swap_iq,271828,FAIL,20,result_fail
s6_X5,S-04_slice_swap_iq,314159,FAIL,20,result_fail
s6_X5,S-06_demod_valid_skew,42,FAIL,30,result_fail
s6_X5,S-06_demod_valid_skew,1337,FAIL,30,result_fail
s6_X5,S-06_demod_valid_skew,9001,FAIL,30,result_fail
s6_X5,S-06_demod_valid_skew,271828,FAIL,30,result_fail
s6_X5,S-06_demod_valid_skew,314159,FAIL,30,result_fail
s6_X5,S-07_const_sym00_i,42,FAIL,10,result_fail
s6_X5,S-07_const_sym00_i,1337,FAIL,10,result_fail
s6_X5,S-07_const_sym00_i,9001,FAIL,10,result_fail
s6_X5,S-07_const_sym00_i,271828,FAIL,10,result_fail
s6_X5,S-07_const_sym00_i,314159,FAIL,10,result_fail
s6_X5,S-08_demod_valid_dup,42,FAIL,41,result_fail
s6_X5,S-08_demod_valid_dup,1337,FAIL,41,result_fail
s6_X5,S-08_demod_valid_dup,9001,FAIL,41,result_fail
s6_X5,S-08_demod_valid_dup,271828,FAIL,41,result_fail
s6_X5,S-08_demod_valid_dup,314159,FAIL,41,result_fail
s6_X5,S-10_ch_drop_valid,42,FAIL,31,result_fail
s6_X5,S-10_ch_drop_valid,1337,FAIL,31,result_fail
s6_X5,S-10_ch_drop_valid,9001,FAIL,31,result_fail
s6_X5,S-10_ch_drop_valid,271828,FAIL,31,result_fail
s6_X5,S-10_ch_drop_valid,314159,FAIL,31,result_fail
s6_X5,S-12_ch_q_zero,42,FAIL,20,result_fail
s6_X5,S-12_ch_q_zero,1337,FAIL,20,result_fail
s6_X5,S-12_ch_q_zero,9001,FAIL,20,result_fail
s6_X5,S-12_ch_q_zero,271828,FAIL,20,result_fail
s6_X5,S-12_ch_q_zero,314159,FAIL,20,result_fail
s6_X6,S-04_slice_swap_iq,42,FAIL,20,result_fail
s6_X6,S-04_slice_swap_iq,1337,FAIL,20,result_fail
s6_X6,S-04_slice_swap_iq,9001,FAIL,20,result_fail
s6_X6,S-04_slice_swap_iq,271828,FAIL,20,result_fail
s6_X6,S-04_slice_swap_iq,314159,FAIL,20,result_fail
s6_X6,S-06_demod_valid_skew,42,FAIL,30,result_fail
s6_X6,S-06_demod_valid_skew,1337,FAIL,30,result_fail
s6_X6,S-06_demod_valid_skew,9001,FAIL,30,result_fail
s6_X6,S-06_demod_valid_skew,271828,FAIL,30,result_fail
s6_X6,S-06_demod_valid_skew,314159,FAIL,30,result_fail
s6_X6,S-07_const_sym00_i,42,FAIL,10,result_fail
s6_X6,S-07_const_sym00_i,1337,FAIL,10,result_fail
s6_X6,S-07_const_sym00_i,9001,FAIL,10,result_fail
s6_X6,S-07_const_sym00_i,271828,FAIL,10,result_fail
s6_X6,S-07_const_sym00_i,314159,FAIL,10,result_fail
s6_X6,S-08_demod_valid_dup,42,FAIL,54,result_fail
s6_X6,S-08_demod_valid_dup,1337,FAIL,54,result_fail
s6_X6,S-08_demod_valid_dup,9001,FAIL,54,result_fail
s6_X6,S-08_demod_valid_dup,271828,FAIL,54,result_fail
s6_X6,S-08_demod_valid_dup,314159,FAIL,54,result_fail
s6_X6,S-10_ch_drop_valid,42,FAIL,31,result_fail
s6_X6,S-10_ch_drop_valid,1337,FAIL,31,result_fail
s6_X6,S-10_ch_drop_valid,9001,FAIL,31,result_fail
s6_X6,S-10_ch_drop_valid,271828,FAIL,31,result_fail
s6_X6,S-10_ch_drop_valid,314159,FAIL,31,result_fail
s6_X6,S-12_ch_q_zero,42,FAIL,20,result_fail
s6_X6,S-12_ch_q_zero,1337,FAIL,20,result_fail
s6_X6,S-12_ch_q_zero,9001,FAIL,20,result_fail
s6_X6,S-12_ch_q_zero,271828,FAIL,20,result_fail
s6_X6,S-12_ch_q_zero,314159,FAIL,20,result_fail
